"","trialNo","target","condition1.x","condition3","mean","sd","N","se","condition1.y","mean_acceptibility","mean_morality","sd_acceptibility","sd_morality","N_acceptibility","N_morality","se_acceptibility","se_morality"
"1",1,"<b>In the museum,</b><br> <br>you admire your favorite painting.","ordinary","fast",0.0617283950617284,0.242161052418926,81,0.0269067836021029,"ordinary",1.11538461538462,1.18181818181818,0.431455497304005,0.664498639244989,26,22,0.0846153846153846,0.14167158590436
"2",1,"<b>In the museum,</b><br> <br>you admire your favorite painting.","ordinary","slow",0.0357142857142857,0.188982236504614,28,0.0357142857142857,"ordinary",1.11538461538462,1.18181818181818,0.431455497304005,0.664498639244989,26,22,0.0846153846153846,0.14167158590436
"3",2,"<b>In the museum,</b><br> <br>you read the placard by an exhibit.","ordinary","fast",0.0921052631578947,0.291095932821575,76,0.0333909935274987,"ordinary",1.33333333333333,1.27272727272727,1.07417231105915,0.55048188256318,27,22,0.206724557648681,0.117363131703255
"4",2,"<b>In the museum,</b><br> <br>you read the placard by an exhibit.","ordinary","slow",0.0408163265306122,0.199914947901746,49,0.028559278271678,"ordinary",1.33333333333333,1.27272727272727,1.07417231105915,0.55048188256318,27,22,0.206724557648681,0.117363131703255
"5",3,"<b>In the museum,</b><br> <br>you discuss an exhibit with a friend.","ordinary","fast",0.141025641025641,0.35030076036261,78,0.0396637506001973,"ordinary",1.18518518518519,1.45454545454545,0.483340701387989,1.10096376512636,27,22,0.0930189613522194,0.23472626340651
"6",3,"<b>In the museum,</b><br> <br>you discuss an exhibit with a friend.","ordinary","slow",0.0571428571428571,0.235504107976803,35,0.0398074597725278,"ordinary",1.18518518518519,1.45454545454545,0.483340701387989,1.10096376512636,27,22,0.0930189613522194,0.23472626340651
"7",4,"<b>In the museum,</b><br> <br>you rest on a bench for a moment.","ordinary","fast",0.0666666666666667,0.251123601166961,75,0.0289972557467227,"ordinary",1.23076923076923,1.31818181818182,0.514407799916938,0.56790036318955,26,22,0.100883669604646,0.121076764250623
"8",4,"<b>In the museum,</b><br> <br>you rest on a bench for a moment.","ordinary","slow",0.0476190476190476,0.215540268704521,42,0.0332585855128371,"ordinary",1.23076923076923,1.31818181818182,0.514407799916938,0.56790036318955,26,22,0.100883669604646,0.121076764250623
"9",5,"<b>In the museum,</b><br> <br>you have a conversation with a painting.","impossible","fast",0.263888888888889,0.443832716728031,72,0.0523061872851398,"impossible",4.19230769230769,2.4,0.895286804068094,1.27320565172283,26,20,0.175580187854051,0.284697438658916
"10",5,"<b>In the museum,</b><br> <br>you have a conversation with a painting.","impossible","slow",0.566037735849057,0.500362713141644,53,0.0687301044560324,"impossible",4.19230769230769,2.4,0.895286804068094,1.27320565172283,26,20,0.175580187854051,0.284697438658916
"11",6,"<b>In the museum,</b><br> <br>you levitate above the other patrons.","impossible","fast",0.935897435897436,0.246520913458799,78,0.0279129968745746,"impossible",4.44444444444444,3.16666666666667,1.13038833052088,1.47196014438797,9,6,0.376796110173626,0.600925212577332
"12",6,"<b>In the museum,</b><br> <br>you levitate above the other patrons.","impossible","slow",1,0,31,0,"impossible",4.44444444444444,3.16666666666667,1.13038833052088,1.47196014438797,9,6,0.376796110173626,0.600925212577332
"13",7,"<b>In the museum,</b><br> <br>you transform into a very large seal.","impossible","fast",0.921052631578947,0.271448357015318,76,0.0311372620163138,"impossible",4.375,4.5,1.40788595317336,0.707106781186548,8,2,0.497762852313084,0.5
"14",7,"<b>In the museum,</b><br> <br>you transform into a very large seal.","impossible","slow",0.973684210526316,0.162221421130763,38,0.0263157894736842,"impossible",4.375,4.5,1.40788595317336,0.707106781186548,8,2,0.497762852313084,0.5
"15",8,"<b>In the museum,</b><br> <br>you teleport back to your apartment.","impossible","fast",0.961538461538462,0.193552415284691,78,0.0219154954730073,"impossible",4,3,1.4142135623731,2,5,3,0.632455532033676,1.15470053837925
"16",8,"<b>In the museum,</b><br> <br>you teleport back to your apartment.","impossible","slow",0.92,0.276887462097269,25,0.0553774924194538,"impossible",4,3,1.4142135623731,2,5,3,0.632455532033676,1.15470053837925
"17",9,"<b>In the museum,</b><br> <br>you ignore the guard and bring your bag.","abnormal","fast",0.347826086956522,0.479769765755401,69,0.0577574925352236,"abnormal",4.66666666666667,4.31818181818182,0.832050294337844,0.945483682534709,27,22,0.160128153805087,0.20157779841894
"18",9,"<b>In the museum,</b><br> <br>you ignore the guard and bring your bag.","abnormal","slow",0.235294117647059,0.427336319675891,68,0.0518221406966592,"abnormal",4.66666666666667,4.31818181818182,0.832050294337844,0.945483682534709,27,22,0.160128153805087,0.20157779841894
"19",10,"<b>In the museum,</b><br> <br>you crabwalk through the main exhibit.","abnormal","fast",0.591549295774648,0.495045879222534,71,0.0587511369425752,"abnormal",4.5,4,0.860232526704263,0.973328526784575,26,20,0.168705478457395,0.217642875033003
"20",10,"<b>In the museum,</b><br> <br>you crabwalk through the main exhibit.","abnormal","slow",0.298245614035088,0.461554527064391,57,0.061134390564664,"abnormal",4.5,4,0.860232526704263,0.973328526784575,26,20,0.168705478457395,0.217642875033003
"21",11,"<b>In the museum,</b><br> <br>you secretly adjust a painting.","abnormal","fast",0.318840579710145,0.469441270623243,69,0.0565140878376465,"abnormal",3.92592592592593,4,1.32798070902132,1.30930734141595,27,22,0.255570006610696,0.279145263119541
"22",11,"<b>In the museum,</b><br> <br>you secretly adjust a painting.","abnormal","slow",0.253968253968254,0.438775935480263,63,0.0552805717409761,"abnormal",3.92592592592593,4,1.32798070902132,1.30930734141595,27,22,0.255570006610696,0.279145263119541
"23",12,"<b>In the museum,</b><br> <br>you stand on a bench for a better view.","abnormal","fast",0.102564102564103,0.30535240827623,78,0.0345743519211919,"abnormal",4.28,3.45454545454545,1.02143689640297,1.14339814035152,25,22,0.204287379280594,0.243773302602616
"24",12,"<b>In the museum,</b><br> <br>you stand on a bench for a better view.","abnormal","slow",0.0847457627118644,0.280893622840437,59,0.0365692348590547,"abnormal",4.28,3.45454545454545,1.02143689640297,1.14339814035152,25,22,0.204287379280594,0.243773302602616
"25",13,"<b>In the museum,</b><br> <br>you rip a painting into small pieces.","immoral","fast",0.506666666666667,0.503322295684717,75,0.0581186525805423,"immoral",4.85185185185185,5,0.601517549056852,0,27,22,0.115762106290086,0
"26",13,"<b>In the museum,</b><br> <br>you rip a painting into small pieces.","immoral","slow",0.44,0.501426536422407,50,0.0709124208342335,"immoral",4.85185185185185,5,0.601517549056852,0,27,22,0.115762106290086,0
"27",14,"<b>In the museum,</b><br> <br>you steal your favorite sculpture.","immoral","fast",0.589041095890411,0.495412747064847,73,0.0579836762520561,"immoral",4.88888888888889,5,0.423659272868162,0,27,22,0.0815332650783714,0
"28",14,"<b>In the museum,</b><br> <br>you steal your favorite sculpture.","immoral","slow",0.51219512195122,0.506060827347474,41,0.0790334231513154,"immoral",4.88888888888889,5,0.423659272868162,0,27,22,0.0815332650783714,0
"29",15,"<b>In the museum,</b><br> <br>you break the arm of a security guard.","immoral","fast",0.569620253164557,0.498293094262482,79,0.0560623531469709,"immoral",4.92307692307692,5,0.271746488194703,0,26,22,0.0532938710021193,0
"30",15,"<b>In the museum,</b><br> <br>you break the arm of a security guard.","immoral","slow",0.404255319148936,0.496052875341062,47,0.0723567484441301,"immoral",4.92307692307692,5,0.271746488194703,0,26,22,0.0532938710021193,0
"31",16,"<b>In the museum,</b><br> <br>you throw an exhibit out the window.","immoral","fast",0.608108108108108,0.49150502910142,74,0.0571362990637523,"immoral",4.88,4.95238095238095,0.6,0.218217890235992,25,21,0.12,0.0476190476190476
"32",16,"<b>In the museum,</b><br> <br>you throw an exhibit out the window.","immoral","slow",0.568965517241379,0.499546073442513,58,0.0655936129528174,"immoral",4.88,4.95238095238095,0.6,0.218217890235992,25,21,0.12,0.0476190476190476
"33",17,"<b>In the restaurant,</b><br> <br> you wait in line for your food.","ordinary","fast",0.0337078651685393,0.181498697857036,89,0.0192388234952373,"ordinary",1.28571428571429,1,0.854493259282208,0,28,22,0.161484047217268,0
"34",17,"<b>In the restaurant,</b><br> <br> you wait in line for your food.","ordinary","slow",0,0,29,0,"ordinary",1.28571428571429,1,0.854493259282208,0,28,22,0.161484047217268,0
"35",18,"<b>In the restaurant,</b><br> <br> you make a salad at the salad bar.","ordinary","fast",0.0602409638554217,0.239379155844276,83,0.0262752758982037,"ordinary",1.11111111111111,1.27272727272727,0.423659272868162,0.88273482950475,27,22,0.0815332650783714,0.18819969800246
"36",18,"<b>In the restaurant,</b><br> <br> you make a salad at the salad bar.","ordinary","slow",0.105263157894737,0.311011747775905,38,0.0504527677125696,"ordinary",1.11111111111111,1.27272727272727,0.423659272868162,0.88273482950475,27,22,0.0815332650783714,0.18819969800246
"37",19,"<b>In the restaurant,</b><br> <br> you take a bite of your meal.","ordinary","fast",0.0238095238095238,0.153370994900858,84,0.0167341474653302,"ordinary",1.14814814814815,1.04545454545455,0.456045181947149,0.21320071635561,27,22,0.0877659361866061,0.0454545454545455
"38",19,"<b>In the restaurant,</b><br> <br> you take a bite of your meal.","ordinary","slow",0,0,25,0,"ordinary",1.14814814814815,1.04545454545455,0.456045181947149,0.21320071635561,27,22,0.0877659361866061,0.0454545454545455
"39",20,"<b>In the restaurant,</b><br> <br> you thank a dining hall employee.","ordinary","fast",0.109756097560976,0.314509124128206,82,0.0347317225419412,"ordinary",1.11111111111111,1.09090909090909,0.320256307610174,0.29424494316825,27,22,0.0616333551361366,0.0627332326674867
"40",20,"<b>In the restaurant,</b><br> <br> you thank a dining hall employee.","ordinary","slow",0,0,43,0,"ordinary",1.11111111111111,1.09090909090909,0.320256307610174,0.29424494316825,27,22,0.0616333551361366,0.0627332326674867
"41",21,"<b>In the restaurant,</b><br> <br> you eat one-hundred veggie pizzas.","impossible","fast",0.647058823529412,0.481437706401216,68,0.0583828975190388,"impossible",4.19047619047619,2.86666666666667,1.20909253653505,1.64171803158706,21,15,0.263845622422763,0.423889773033674
"42",21,"<b>In the restaurant,</b><br> <br> you eat one-hundred veggie pizzas.","impossible","slow",0.859375,0.350382444113368,64,0.0437978055141709,"impossible",4.19047619047619,2.86666666666667,1.20909253653505,1.64171803158706,21,15,0.263845622422763,0.423889773033674
"43",22,"<b>In the restaurant,</b><br> <br> you read the minds of fellow diners.","impossible","fast",0.833333333333333,0.375090176747726,78,0.0424705992864688,"impossible",3.44444444444444,3.9,1.13038833052088,1.19721899973786,9,10,0.376796110173626,0.378593889720018
"44",22,"<b>In the restaurant,</b><br> <br> you read the minds of fellow diners.","impossible","slow",0.864864864864865,0.346583496606691,37,0.0569779758588897,"impossible",3.44444444444444,3.9,1.13038833052088,1.19721899973786,9,10,0.376796110173626,0.378593889720018
"45",23,"<b>In the restaurant,</b><br> <br> you grow another head on your back.","impossible","fast",0.911392405063291,0.285992353211451,79,0.0321766536355566,"impossible",3.6,4.6,1.94935886896179,0.894427190999916,5,5,0.871779788708135,0.4
"46",23,"<b>In the restaurant,</b><br> <br> you grow another head on your back.","impossible","slow",0.971428571428571,0.169030850945703,35,0.0285714285714286,"impossible",3.6,4.6,1.94935886896179,0.894427190999916,5,5,0.871779788708135,0.4
"47",24,"<b>In the restaurant,</b><br> <br> you climb inside of a bowl of cereal.","impossible","fast",0.792682926829268,0.407879335765388,82,0.0450427375029666,"impossible",4.66666666666667,4.5,0.887625364598595,0.836660026534076,12,6,0.256235371595269,0.341565025531987
"48",24,"<b>In the restaurant,</b><br> <br> you climb inside of a bowl of cereal.","impossible","slow",0.978260869565217,0.147441956154897,46,0.0217391304347826,"impossible",4.66666666666667,4.5,0.887625364598595,0.836660026534076,12,6,0.256235371595269,0.341565025531987
"49",25,"<b>In the restaurant,</b><br> <br> you sit on the floor to eat your food.","abnormal","fast",0.28,0.45202248210053,75,0.0521950603441008,"abnormal",4.67857142857143,3.81818181818182,0.611832186419303,0.957992128229099,28,22,0.115625414955027,0.20424460800148
"50",25,"<b>In the restaurant,</b><br> <br> you sit on the floor to eat your food.","abnormal","slow",0.314814814814815,0.468803135819012,54,0.0637960262540699,"abnormal",4.67857142857143,3.81818181818182,0.611832186419303,0.957992128229099,28,22,0.115625414955027,0.20424460800148
"51",26,"<b>In the restaurant,</b><br> <br> you walk around the room barefoot.","abnormal","fast",0.272727272727273,0.448282207765424,77,0.0510864988135469,"abnormal",4.55555555555556,4.09090909090909,0.974021534011414,0.971454035826165,27,22,0.187450531619327,0.207114696344687
"52",26,"<b>In the restaurant,</b><br> <br> you walk around the room barefoot.","abnormal","slow",0.321428571428571,0.471251442520786,56,0.0629736228905634,"abnormal",4.55555555555556,4.09090909090909,0.974021534011414,0.971454035826165,27,22,0.187450531619327,0.207114696344687
"53",27,"<b>In the restaurant,</b><br> <br> you take an entire serving platter of food.","abnormal","fast",0.205128205128205,0.406408864529509,78,0.0460167423779546,"abnormal",3.71428571428571,2.86363636363636,1.51185789203691,1.52113536999598,28,22,0.285714285714286,0.324307150557
"54",27,"<b>In the restaurant,</b><br> <br> you take an entire serving platter of food.","abnormal","slow",0.119402985074627,0.32670940009765,67,0.0399139058759117,"abnormal",3.71428571428571,2.86363636363636,1.51185789203691,1.52113536999598,28,22,0.285714285714286,0.324307150557
"55",28,"<b>In the restaurant,</b><br> <br> you sit down at a random family's table.","abnormal","fast",0.191176470588235,0.396151370932671,68,0.0480404101790778,"abnormal",4.62962962962963,4,0.629294363562392,0.816496580927726,27,22,0.121107756734087,0.174077655955698
"56",28,"<b>In the restaurant,</b><br> <br> you sit down at a random family's table.","abnormal","slow",0.253968253968254,0.438775935480263,63,0.0552805717409761,"abnormal",4.62962962962963,4,0.629294363562392,0.816496580927726,27,22,0.121107756734087,0.174077655955698
"57",29,"<b>In the restaurant,</b><br> <br> you stab someone with a fork.","immoral","fast",0.542168674698795,0.501247342168663,83,0.0550190435849424,"immoral",4.76923076923077,4.90909090909091,0.815239464584109,0.426401432711221,26,22,0.159881613006358,0.0909090909090909
"58",29,"<b>In the restaurant,</b><br> <br> you stab someone with a fork.","immoral","slow",0.4,0.5,25,0.1,"immoral",4.76923076923077,4.90909090909091,0.815239464584109,0.426401432711221,26,22,0.159881613006358,0.0909090909090909
"59",30,"<b>In the restaurant,</b><br> <br> you steal plates for your kitchen.","immoral","fast",0.402439024390244,0.493407304203142,82,0.054487721579629,"immoral",4.85185185185185,4.68181818181818,0.601517549056852,0.945483682534709,27,22,0.115762106290086,0.20157779841894
"60",30,"<b>In the restaurant,</b><br> <br> you steal plates for your kitchen.","immoral","slow",0.395833333333333,0.49420399497827,48,0.0713322023838232,"immoral",4.85185185185185,4.68181818181818,0.601517549056852,0.945483682534709,27,22,0.115762106290086,0.20157779841894
"61",31,"<b>In the restaurant,</b><br> <br> you set fire to the pizza station.","immoral","fast",0.595238095238095,0.493793957788201,84,0.0538773378399109,"immoral",4.88888888888889,4.95454545454545,0.320256307610174,0.21320071635561,27,22,0.0616333551361366,0.0454545454545455
"62",31,"<b>In the restaurant,</b><br> <br> you set fire to the pizza station.","immoral","slow",0.42,0.49856938190329,50,0.0705083581671604,"immoral",4.88888888888889,4.95454545454545,0.320256307610174,0.21320071635561,27,22,0.0616333551361366,0.0454545454545455
"63",32,"<b>In the restaurant,</b><br> <br> you kill a dining hall employee.","immoral","fast",0.682926829268293,0.468199830200417,82,0.051704021757016,"immoral",4.875,5,0.612372435695794,0,24,22,0.125,0
"64",32,"<b>In the restaurant,</b><br> <br> you kill a dining hall employee.","immoral","slow",0.48936170212766,0.505291152639911,47,0.073704289683782,"immoral",4.875,5,0.612372435695794,0,24,22,0.125,0
"65",33,"<b>In the library,</b><br> <br> you ask the librarian for advice.","ordinary","fast",0.0561797752808989,0.231573204692959,89,0.0245467106040815,"ordinary",1.03703703703704,1.04545454545455,0.192450089729875,0.21320071635561,27,22,0.037037037037037,0.0454545454545455
"66",33,"<b>In the library,</b><br> <br> you ask the librarian for advice.","ordinary","slow",0,0,20,0,"ordinary",1.03703703703704,1.04545454545455,0.192450089729875,0.21320071635561,27,22,0.037037037037037,0.0454545454545455
"67",34,"<b>In the library,</b><br> <br> you read one book's inside cover.","ordinary","fast",0.0795454545454545,0.272138863686403,88,0.0290101003430715,"ordinary",1.33333333333333,1.27272727272727,0.784464540552736,0.88273482950475,27,22,0.150970271219279,0.18819969800246
"68",34,"<b>In the library,</b><br> <br> you read one book's inside cover.","ordinary","slow",0.0333333333333333,0.181020334719393,60,0.0233696247231033,"ordinary",1.33333333333333,1.27272727272727,0.784464540552736,0.88273482950475,27,22,0.150970271219279,0.18819969800246
"69",35,"<b>In the library,</b><br> <br> you check out three different books.","ordinary","fast",0.0989010989010989,0.300183094310606,91,0.0314677386006074,"ordinary",1.39285714285714,1.18181818181818,0.994029797388005,0.852802865422442,28,22,0.187853974262613,0.181818181818182
"70",35,"<b>In the library,</b><br> <br> you check out three different books.","ordinary","slow",0,0,33,0,"ordinary",1.39285714285714,1.18181818181818,0.994029797388005,0.852802865422442,28,22,0.187853974262613,0.181818181818182
"71",36,"<b>In the library,</b><br> <br> you drink from the water fountain.","ordinary","fast",0.116279069767442,0.322439402466035,86,0.0347695349579722,"ordinary",1.28571428571429,1.22727272727273,0.809990528391941,0.869143978527871,28,22,0.153073821603063,0.185302118838307
"72",36,"<b>In the library,</b><br> <br> you drink from the water fountain.","ordinary","slow",0.04,0.2,25,0.04,"ordinary",1.28571428571429,1.22727272727273,0.809990528391941,0.869143978527871,28,22,0.153073821603063,0.185302118838307
"73",37,"<b>In the library,</b><br> <br> you read every book in the building.","impossible","fast",0.475,0.502525268588178,80,0.0561840330487253,"impossible",2.38888888888889,1.57894736842105,1.14475216371923,1.01739260823845,18,19,0.269820672581281,0.23340587185351
"74",37,"<b>In the library,</b><br> <br> you read every book in the building.","impossible","slow",0.755555555555556,0.434613493680177,45,0.06478835438717,"impossible",2.38888888888889,1.57894736842105,1.14475216371923,1.01739260823845,18,19,0.269820672581281,0.23340587185351
"75",38,"<b>In the library,</b><br> <br> you make all the books disappear.","impossible","fast",0.8,0.402373908081478,85,0.0436435780471985,"impossible",4.55555555555556,4.83333333333333,1.0137937550497,0.389249472080761,9,12,0.337931251683234,0.112366643743874
"76",38,"<b>In the library,</b><br> <br> you make all the books disappear.","impossible","slow",0.914285714285714,0.284028640998691,35,0.0480096028809603,"impossible",4.55555555555556,4.83333333333333,1.0137937550497,0.389249472080761,9,12,0.337931251683234,0.112366643743874
"77",39,"<b>In the library,</b><br> <br> you melt your least favorite book.","impossible","fast",0.746835443037975,0.437602864987919,79,0.0492341688808472,"impossible",4.82608695652174,4.85,0.650326764931116,0.489360484929593,23,20,0.135602504335245,0.109424330980483
"78",39,"<b>In the library,</b><br> <br> you melt your least favorite book.","impossible","slow",0.823529411764706,0.385013368751849,51,0.0539126552347746,"impossible",4.82608695652174,4.85,0.650326764931116,0.489360484929593,23,20,0.135602504335245,0.109424330980483
"79",40,"<b>In the library,</b><br> <br> you exit, having aged seventeen years.","impossible","fast",0.78125,0.416666666666667,64,0.0520833333333333,"impossible",4.57142857142857,3.66666666666667,0.786795792469443,1.4142135623731,7,9,0.29738085706659,0.471404520791032
"80",40,"<b>In the library,</b><br> <br> you exit, having aged seventeen years.","impossible","slow",0.972602739726027,0.164367705983163,73,0.0192377848702657,"impossible",4.57142857142857,3.66666666666667,0.786795792469443,1.4142135623731,7,9,0.29738085706659,0.471404520791032
"81",41,"<b>In the library,</b><br> <br> you scream at the top of your lungs.","abnormal","fast",0.292134831460674,0.457320436470853,89,0.0484758693142688,"abnormal",4.81481481481481,4.5,0.681459803941116,0.672592709134549,27,22,0.131147000415771,0.143397247403047
"82",41,"<b>In the library,</b><br> <br> you scream at the top of your lungs.","abnormal","slow",0.193548387096774,0.401609664451249,31,0.0721312250806384,"abnormal",4.81481481481481,4.5,0.681459803941116,0.672592709134549,27,22,0.131147000415771,0.143397247403047
"83",42,"<b>In the library,</b><br> <br> you place cookbooks in the kid's section.","abnormal","fast",0.310810810810811,0.465984762984349,74,0.0541696283875289,"abnormal",4.26923076923077,3.86363636363636,0.87442288660315,1.12527053024318,26,22,0.171488436996984,0.239908483141703
"84",42,"<b>In the library,</b><br> <br> you place cookbooks in the kid's section.","abnormal","slow",0.144927536231884,0.35460675480613,69,0.0426896366873121,"abnormal",4.26923076923077,3.86363636363636,0.87442288660315,1.12527053024318,26,22,0.171488436996984,0.239908483141703
"85",43,"<b>In the library,</b><br> <br> you set up an elaborate cooking spread.","abnormal","fast",0.605633802816901,0.492192565086837,71,0.0584125108544443,"abnormal",4.82608695652174,3.89473684210526,0.650326764931116,1.24252148839479,23,19,0.135602504335245,0.285053979110034
"86",43,"<b>In the library,</b><br> <br> you set up an elaborate cooking spread.","abnormal","slow",0.782608695652174,0.415492805111887,69,0.0500194557943937,"abnormal",4.82608695652174,3.89473684210526,0.650326764931116,1.24252148839479,23,19,0.135602504335245,0.285053979110034
"87",44,"<b>In the library,</b><br> <br> you play music on a portable speaker.","abnormal","fast",0.25,0.435744670330595,80,0.0487177351846223,"abnormal",4.74074074074074,4.28571428571429,0.712125345092075,1.10194633003868,27,21,0.137048586561888,0.240464403294335
"88",44,"<b>In the library,</b><br> <br> you play music on a portable speaker.","abnormal","slow",0.262295081967213,0.443532762572744,61,0.056788551067832,"abnormal",4.74074074074074,4.28571428571429,0.712125345092075,1.10194633003868,27,21,0.137048586561888,0.240464403294335
"89",45,"<b>In the library,</b><br> <br> you leave a book to soak in a toilet.","immoral","fast",0.424657534246575,0.497711658470212,73,0.0582527434802423,"immoral",4.77777777777778,4.81818181818182,0.800640769025436,0.394771016975861,27,22,0.154083387840341,0.0841654636156865
"90",45,"<b>In the library,</b><br> <br> you leave a book to soak in a toilet.","immoral","slow",0.328125,0.473242362150023,64,0.0591552952687528,"immoral",4.77777777777778,4.81818181818182,0.800640769025436,0.394771016975861,27,22,0.154083387840341,0.0841654636156865
"91",46,"<b>In the library,</b><br> <br> you hide a dead body in the bathroom.","immoral","fast",0.7875,0.411657655481415,80,0.0460247250557317,"immoral",4.88888888888889,5,0.423659272868162,0,27,21,0.0815332650783714,0
"92",46,"<b>In the library,</b><br> <br> you hide a dead body in the bathroom.","immoral","slow",0.5,0.505525029603437,46,0.074535599249993,"immoral",4.88888888888889,5,0.423659272868162,0,27,21,0.0815332650783714,0
"93",47,"<b>In the library,</b><br> <br> you push someone down the stairs.","immoral","fast",0.458823529411765,0.501258919323817,85,0.0543691634273002,"immoral",4.81481481481481,5,0.681459803941116,0,27,22,0.131147000415771,0
"94",47,"<b>In the library,</b><br> <br> you push someone down the stairs.","immoral","slow",0.255813953488372,0.441481448448827,43,0.0673252897168136,"immoral",4.81481481481481,5,0.681459803941116,0,27,22,0.131147000415771,0
"95",48,"<b>In the library,</b><br> <br> you take a book without checking it out.","immoral","fast",0.164556962025316,0.373149442354017,79,0.0419825922829797,"immoral",4.66666666666667,4.5,0.832050294337844,0.912870929175277,27,22,0.160128153805087,0.194624736040381
"96",48,"<b>In the library,</b><br> <br> you take a book without checking it out.","immoral","slow",0.232142857142857,0.426020547032073,56,0.0569293902400011,"immoral",4.66666666666667,4.5,0.832050294337844,0.912870929175277,27,22,0.160128153805087,0.194624736040381
"97",49,"<b>On your flight,</b><br> <br> you do a magazine crossword puzzle.","ordinary","fast",0.152173913043478,0.361157559257308,92,0.0376532784254104,"ordinary",1.37037037037037,1,1.07946383229924,0,27,22,0.207742911386144,0
"98",49,"<b>On your flight,</b><br> <br> you do a magazine crossword puzzle.","ordinary","slow",0.04,0.2,25,0.04,"ordinary",1.37037037037037,1,1.07946383229924,0,27,22,0.207742911386144,0
"99",50,"<b>On your flight,</b><br> <br> you ask the attendant for some peanuts.","ordinary","fast",0.0666666666666667,0.250841281121363,90,0.0264409926512701,"ordinary",1.2962962962963,1.18181818181818,0.608580619450185,0.852802865422442,27,22,0.117121394821051,0.181818181818182
"100",50,"<b>On your flight,</b><br> <br> you ask the attendant for some peanuts.","ordinary","slow",0.0357142857142857,0.188982236504614,28,0.0357142857142857,"ordinary",1.2962962962963,1.18181818181818,0.608580619450185,0.852802865422442,27,22,0.117121394821051,0.181818181818182
"101",51,"<b>On your flight,</b><br> <br> you start the next chapter of your book.","ordinary","fast",0.107142857142857,0.311152430116883,84,0.0339495134209542,"ordinary",1.25,1.09090909090909,0.645497224367903,0.29424494316825,28,22,0.121987509118567,0.0627332326674867
"102",51,"<b>On your flight,</b><br> <br> you start the next chapter of your book.","ordinary","slow",0,0,35,0,"ordinary",1.25,1.09090909090909,0.645497224367903,0.29424494316825,28,22,0.121987509118567,0.0627332326674867
"103",52,"<b>On your flight,</b><br> <br> you watch a movie you have downloaded.","ordinary","fast",0.104651162790698,0.307898752168415,86,0.0332015763121984,"ordinary",1.55555555555556,1,1.08604197869474,0,27,22,0.209008876250213,0
"104",52,"<b>On your flight,</b><br> <br> you watch a movie you have downloaded.","ordinary","slow",0.0434782608695652,0.206184570942362,46,0.0304002564687,"ordinary",1.55555555555556,1,1.08604197869474,0,27,22,0.209008876250213,0
"105",53,"<b>On your flight,</b><br> <br> you force the plane to go backwards.","impossible","fast",0.842696629213483,0.366149385947072,89,0.0388117572869527,"impossible",4.58333333333333,5,0.996204919895622,0,12,9,0.287579589334883,0
"106",53,"<b>On your flight,</b><br> <br> you force the plane to go backwards.","impossible","slow",0.871794871794872,0.33868842842937,39,0.0542335527595415,"impossible",4.58333333333333,5,0.996204919895622,0,12,9,0.287579589334883,0
"107",54,"<b>On your flight,</b><br> <br> you stop the engine with your thoughts.","impossible","fast",0.869047619047619,0.339374403361411,84,0.0370287831508128,"impossible",4.23076923076923,4.75,1.48064435037847,0.707106781186548,13,8,0.410656855847358,0.25
"108",54,"<b>On your flight,</b><br> <br> you stop the engine with your thoughts.","impossible","slow",1,0,34,0,"impossible",4.23076923076923,4.75,1.48064435037847,0.707106781186548,13,8,0.410656855847358,0.25
"109",55,"<b>On your flight,</b><br> <br> you turn the attendant into a mouse.","impossible","fast",0.730337078651685,0.446299047312761,89,0.0473076044000385,"impossible",4.33333333333333,5,1.11803398874989,0,9,3,0.372677996249965,0
"110",55,"<b>On your flight,</b><br> <br> you turn the attendant into a mouse.","impossible","slow",0.926829268292683,0.263651654881875,41,0.0411754707710589,"impossible",4.33333333333333,5,1.11803398874989,0,9,3,0.372677996249965,0
"111",56,"<b>On your flight,</b><br> <br> you take a dance exercize class.","impossible","fast",0.719101123595506,0.451984614705569,89,0.0479102733383394,"impossible",4,3,1.4142135623731,1.75411603861406,13,14,0.392232270276368,0.468807230938495
"112",56,"<b>On your flight,</b><br> <br> you take a dance exercize class.","impossible","slow",0.91304347826087,0.284884924644768,46,0.042003990568665,"impossible",4,3,1.4142135623731,1.75411603861406,13,14,0.392232270276368,0.468807230938495
"113",57,"<b>On your flight,</b><br> <br> you stand on top of your seat and shout.","abnormal","fast",0.311688311688312,0.466220533420224,77,0.0531307607458886,"abnormal",4.88888888888889,4.45454545454545,0.577350269189626,0.800432783369497,27,22,0.111111111111111,0.170652842808892
"114",57,"<b>On your flight,</b><br> <br> you stand on top of your seat and shout.","abnormal","slow",0.37037037037037,0.487438290097003,54,0.0663319495462434,"abnormal",4.88888888888889,4.45454545454545,0.577350269189626,0.800432783369497,27,22,0.111111111111111,0.170652842808892
"115",58,"<b>On your flight,</b><br> <br> you put your bag in the middle of the aisle.","abnormal","fast",0.178571428571429,0.385293325459601,84,0.0420389483019018,"abnormal",4.59259259259259,4.40909090909091,0.747264717757073,0.590326052690247,27,22,0.143811161984319,0.125857937316941
"116",58,"<b>On your flight,</b><br> <br> you put your bag in the middle of the aisle.","abnormal","slow",0.155172413793103,0.365231199928332,58,0.0479572060316654,"abnormal",4.59259259259259,4.40909090909091,0.747264717757073,0.590326052690247,27,22,0.143811161984319,0.125857937316941
"117",59,"<b>On your flight,</b><br> <br> you ask people to give up their first-class seats.","abnormal","fast",0.311688311688312,0.466220533420224,77,0.0531307607458886,"abnormal",4.48148148148148,4.22727272727273,0.848998068783269,1.10977553207923,27,22,0.163389754517831,0.23660493843322
"118",59,"<b>On your flight,</b><br> <br> you ask people to give up their first-class seats.","abnormal","slow",0.306451612903226,0.464783033373756,62,0.0590275042660008,"abnormal",4.48148148148148,4.22727272727273,0.848998068783269,1.10977553207923,27,22,0.163389754517831,0.23660493843322
"119",60,"<b>On your flight,</b><br> <br> you demand twenty-five bags of peanuts.","abnormal","fast",0.454545454545455,0.501194744833586,77,0.0571164420397767,"abnormal",4.48148148148148,4.04545454545455,0.935223970310789,0.998917162649385,27,22,0.179983937003841,0.212969854656763
"120",60,"<b>On your flight,</b><br> <br> you demand twenty-five bags of peanuts.","abnormal","slow",0.293103448275862,0.45916096973529,58,0.0602907890443519,"abnormal",4.48148148148148,4.04545454545455,0.935223970310789,0.998917162649385,27,22,0.179983937003841,0.212969854656763
"121",61,"<b>On your flight,</b><br> <br> you steal extra snacks from the cart.","immoral","fast",0.21978021978022,0.416391850763405,91,0.0436497263289853,"immoral",4.46153846153846,4.27272727272727,0.90468864172241,0.984731927834662,26,22,0.177424039918012,0.209945552432591
"122",61,"<b>On your flight,</b><br> <br> you steal extra snacks from the cart.","immoral","slow",0.243243243243243,0.43495883620084,37,0.0715067921909349,"immoral",4.46153846153846,4.27272727272727,0.90468864172241,0.984731927834662,26,22,0.177424039918012,0.209945552432591
"123",62,"<b>On your flight,</b><br> <br> you shatter one of the plane's windows.","immoral","fast",0.691358024691358,0.464811125852264,81,0.0516456806502516,"immoral",4.85185185185185,4.90909090909091,0.601517549056852,0.29424494316825,27,22,0.115762106290086,0.0627332326674867
"124",62,"<b>On your flight,</b><br> <br> you shatter one of the plane's windows.","immoral","slow",0.645833333333333,0.483321105250062,48,0.0697613925552877,"immoral",4.85185185185185,4.90909090909091,0.601517549056852,0.29424494316825,27,22,0.115762106290086,0.0627332326674867
"125",63,"<b>On your flight,</b><br> <br> you hold the plane's pilot as hostage.","immoral","fast",0.595238095238095,0.493793957788201,84,0.0538773378399109,"immoral",4.77777777777778,4.95454545454545,0.800640769025436,0.21320071635561,27,22,0.154083387840341,0.0454545454545455
"126",63,"<b>On your flight,</b><br> <br> you hold the plane's pilot as hostage.","immoral","slow",0.526315789473684,0.503745370694601,57,0.0667227043206724,"immoral",4.77777777777778,4.95454545454545,0.800640769025436,0.21320071635561,27,22,0.154083387840341,0.0454545454545455
"127",64,"<b>On your flight,</b><br> <br> you poison the drink of your seatmate.","immoral","fast",0.7,0.460824858880028,90,0.0485752052162186,"immoral",4.92307692307692,5,0.392232270276368,0,26,22,0.0769230769230769,0
"128",64,"<b>On your flight,</b><br> <br> you poison the drink of your seatmate.","immoral","slow",0.571428571428571,0.5,49,0.0714285714285714,"immoral",4.92307692307692,5,0.392232270276368,0,26,22,0.0769230769230769,0
"129",65,"<b>On your way,</b><br> <br> you brainstorm suggestions for the group.","ordinary","fast",0.0786516853932584,0.270719542109693,89,0.0286962140712567,"ordinary",1.18518518518519,1.18181818181818,0.483340701387989,0.501081082343218,27,22,0.0930189613522194,0.106830845707819
"130",65,"<b>On your way,</b><br> <br> you brainstorm suggestions for the group.","ordinary","slow",0.0357142857142857,0.188982236504614,28,0.0357142857142857,"ordinary",1.18518518518519,1.18181818181818,0.483340701387989,0.501081082343218,27,22,0.0930189613522194,0.106830845707819
"131",66,"<b>On your way,</b><br> <br> you turn on the radio to listen to music.","ordinary","fast",0.0697674418604651,0.256248853055389,86,0.027632024455163,"ordinary",2.85714285714286,2.13636363636364,1.6491139195267,1.35560404899895,28,22,0.311653236763045,0.289015754341141
"132",66,"<b>On your way,</b><br> <br> you turn on the radio to listen to music.","ordinary","slow",0.032258064516129,0.179605302026775,31,0.032258064516129,"ordinary",2.85714285714286,2.13636363636364,1.6491139195267,1.35560404899895,28,22,0.311653236763045,0.289015754341141
"133",67,"<b>On your way,</b><br> <br> you mentally recite your agenda items.","ordinary","fast",0.204819277108434,0.406022832007839,83,0.0445667956942589,"ordinary",1.19230769230769,1.40909090909091,0.40191847623425,0.908116360757433,26,22,0.0788226981996892,0.193611058647735
"134",67,"<b>On your way,</b><br> <br> you mentally recite your agenda items.","ordinary","slow",0.0444444444444444,0.208409077139993,45,0.0310677909075347,"ordinary",1.19230769230769,1.40909090909091,0.40191847623425,0.908116360757433,26,22,0.0788226981996892,0.193611058647735
"135",68,"<b>On your way,</b><br> <br> you stop your car at the traffic light.","ordinary","fast",0.238636363636364,0.428692698173277,88,0.0456987951734811,"ordinary",1.91666666666667,1.52380952380952,1.50120724365618,1.24976188208185,24,21,0.306432645427302,0.272720401205264
"136",68,"<b>On your way,</b><br> <br> you stop your car at the traffic light.","ordinary","slow",0.0789473684210526,0.273276312733094,38,0.0443312718129372,"ordinary",1.91666666666667,1.52380952380952,1.50120724365618,1.24976188208185,24,21,0.306432645427302,0.272720401205264
"137",69,"<b>On your way,</b><br> <br> you see the future; the event is a success.","impossible","fast",0.692307692307692,0.464095480892257,91,0.048650425541052,"impossible",3.27272727272727,2.53846153846154,1.55505042303516,1.33012434352235,11,13,0.46886534393555,0.368910117177902
"138",69,"<b>On your way,</b><br> <br> you see the future; the event is a success.","impossible","slow",0.846153846153846,0.364321307478654,52,0.0505222751868604,"impossible",3.27272727272727,2.53846153846154,1.55505042303516,1.33012434352235,11,13,0.46886534393555,0.368910117177902
"139",70,"<b>On your way,</b><br> <br> you read the minds of people close by.","impossible","fast",0.78494623655914,0.413086535980669,93,0.0428350783555476,"impossible",3.91666666666667,4.1,1.67648622440092,0.994428926011753,12,10,0.483959886475286,0.31446603773522
"140",70,"<b>On your way,</b><br> <br> you read the minds of people close by.","impossible","slow",0.909090909090909,0.291937104060571,33,0.0508197267613589,"impossible",3.91666666666667,4.1,1.67648622440092,0.994428926011753,12,10,0.483959886475286,0.31446603773522
"141",71,"<b>On your way,</b><br> <br> you take a walk on the planet Neptune.","impossible","fast",0.908045977011494,0.290636187028339,87,0.0311594699190544,"impossible",3.83333333333333,5,1.32916013582513,0,6,3,0.542627353203324,0
"142",71,"<b>On your way,</b><br> <br> you take a walk on the planet Neptune.","impossible","slow",1,0,33,0,"impossible",3.83333333333333,5,1.32916013582513,0,6,3,0.542627353203324,0
"143",72,"<b>On your way,</b><br> <br> you jump over the Great Wall of China.","impossible","fast",0.968085106382979,0.176716020266431,94,0.0182268657857097,"impossible",4,4.25,1.51185789203691,1.48804761828569,8,8,0.534522483824849,0.526104280809151
"144",72,"<b>On your way,</b><br> <br> you jump over the Great Wall of China.","impossible","slow",0.96551724137931,0.185695338177052,29,0.0344827586206897,"impossible",4,4.25,1.51185789203691,1.48804761828569,8,8,0.534522483824849,0.526104280809151
"145",73,"<b>On your way,</b><br> <br> you board an international flight.","abnormal","fast",0.616279069767442,0.489143420593299,86,0.0527456915367913,"abnormal",3.80952380952381,2.83333333333333,1.63153448075876,1.50489397711365,21,18,0.356030012238452,0.354706912061285
"146",73,"<b>On your way,</b><br> <br> you board an international flight.","abnormal","slow",0.588235294117647,0.499554168435642,34,0.0856728330887552,"abnormal",3.80952380952381,2.83333333333333,1.63153448075876,1.50489397711365,21,18,0.356030012238452,0.354706912061285
"147",74,"<b>On your way,</b><br> <br> you go on a long, scenic walk.","abnormal","fast",0.411111111111111,0.494791851468525,90,0.0521556406110755,"abnormal",3.56521739130435,2.15,1.59048554497509,1.34848843251679,23,20,0.331639161476728,0.301531180197967
"148",74,"<b>On your way,</b><br> <br> you go on a long, scenic walk.","abnormal","slow",0.457142857142857,0.505432670960188,35,0.0854337144681602,"abnormal",3.56521739130435,2.15,1.59048554497509,1.34848843251679,23,20,0.331639161476728,0.301531180197967
"149",75,"<b>On your way,</b><br> <br> you climb into bed and take a nap.","abnormal","fast",0.547619047619048,0.500716640757637,84,0.0546326644760924,"abnormal",4.1304347826087,3.22222222222222,1.60409554878887,1.62898581063244,23,18,0.334477043447273,0.383955637718288
"150",75,"<b>On your way,</b><br> <br> you climb into bed and take a nap.","abnormal","slow",0.660377358490566,0.478113127360488,53,0.0656738888055081,"abnormal",4.1304347826087,3.22222222222222,1.60409554878887,1.62898581063244,23,18,0.334477043447273,0.383955637718288
"151",76,"<b>On your way,</b><br> <br> you watch a movie at a theater.","abnormal","fast",0.522222222222222,0.502304303170668,90,0.0529475225507683,"abnormal",4.09090909090909,2.5,1.30599682450904,1.7013926184468,22,20,0.278439458543481,0.380442955126341
"152",76,"<b>On your way,</b><br> <br> you watch a movie at a theater.","abnormal","slow",0.621621621621622,0.491672392698372,37,0.0808304434456142,"abnormal",4.09090909090909,2.5,1.30599682450904,1.7013926184468,22,20,0.278439458543481,0.380442955126341
"153",77,"<b>On your way,</b><br> <br> you hit a pedestrian with your car.","immoral","fast",0.366666666666667,0.484594119520818,90,0.0510807052803217,"immoral",4.80769230769231,5,0.69392972377501,0,26,22,0.136090815484263,0
"154",77,"<b>On your way,</b><br> <br> you hit a pedestrian with your car.","immoral","slow",0.259259259259259,0.446576084704722,27,0.0859436075726402,"immoral",4.80769230769231,5,0.69392972377501,0,26,22,0.136090815484263,0
"155",78,"<b>On your way,</b><br> <br> you steer your car into a small dog.","immoral","fast",0.56,0.4997296566442,75,0.0577038103571136,"immoral",4.85714285714286,4.86363636363636,0.590936840285279,0.639602149066831,28,22,0.111676565710082,0.136363636363636
"156",78,"<b>On your way,</b><br> <br> you steer your car into a small dog.","immoral","slow",0.298245614035088,0.461554527064391,57,0.061134390564664,"immoral",4.85714285714286,4.86363636363636,0.590936840285279,0.639602149066831,28,22,0.111676565710082,0.136363636363636
"157",79,"<b>On your way,</b><br> <br> you decide to rob a bank instead.","immoral","fast",0.595238095238095,0.493793957788201,84,0.0538773378399109,"immoral",4.73076923076923,4.76190476190476,0.961569230276939,0.768424485864545,26,21,0.188579241109712,0.167683970111038
"158",79,"<b>On your way,</b><br> <br> you decide to rob a bank instead.","immoral","slow",0.375,0.49029033784546,40,0.0775217091182553,"immoral",4.73076923076923,4.76190476190476,0.961569230276939,0.768424485864545,26,21,0.188579241109712,0.167683970111038
"159",80,"<b>On your way,</b><br> <br> you park in the middle of the highway.","immoral","fast",0.402439024390244,0.493407304203142,82,0.054487721579629,"immoral",4.75,4.42857142857143,0.737209780774486,1.247855302967,24,21,0.150482316357212,0.272304351533253
"160",80,"<b>On your way,</b><br> <br> you park in the middle of the highway.","immoral","slow",0.521739130434783,0.505046991643467,46,0.0744651163980587,"immoral",4.75,4.42857142857143,0.737209780774486,1.247855302967,24,21,0.150482316357212,0.272304351533253
"161",81,"<b>During your class,</b><br> <br> you take notes on the lecture slide.","ordinary","fast",0.0444444444444444,0.207234932150978,90,0.0218444798782516,"ordinary",1.66666666666667,1.68181818181818,1.38675049056307,1.39339816332534,27,22,0.266880256341812,0.297073486589555
"162",81,"<b>During your class,</b><br> <br> you take notes on the lecture slide.","ordinary","slow",0.114285714285714,0.322802851090676,35,0.0545636406075561,"ordinary",1.66666666666667,1.68181818181818,1.38675049056307,1.39339816332534,27,22,0.266880256341812,0.297073486589555
"163",82,"<b>During your class,</b><br> <br> you retrieve an eraser from your bag.","ordinary","fast",0.0975609756097561,0.298546110654101,82,0.0329689026032424,"ordinary",1.46428571428571,1.09090909090909,1.07089934019281,0.29424494316825,28,22,0.202380952380952,0.0627332326674867
"164",82,"<b>During your class,</b><br> <br> you retrieve an eraser from your bag.","ordinary","slow",0.0204081632653061,0.142857142857143,49,0.0204081632653061,"ordinary",1.46428571428571,1.09090909090909,1.07089934019281,0.29424494316825,28,22,0.202380952380952,0.0627332326674867
"165",83,"<b>During your class,</b><br> <br> you raise your hand to ask a question.","ordinary","fast",0.0235294117647059,0.152477210493529,85,0.0165384755396364,"ordinary",1.46428571428571,1.04545454545455,0.922241346139448,0.21320071635561,28,22,0.174287232190458,0.0454545454545455
"166",83,"<b>During your class,</b><br> <br> you raise your hand to ask a question.","ordinary","slow",0.037037037037037,0.192450089729875,27,0.037037037037037,"ordinary",1.46428571428571,1.04545454545455,0.922241346139448,0.21320071635561,28,22,0.174287232190458,0.0454545454545455
"167",84,"<b>During your class,</b><br> <br> you turn to the next page in your notes.","ordinary","fast",0.0657894736842105,0.249561018098552,76,0.028626612056282,"ordinary",1.22222222222222,1.04545454545455,0.800640769025436,0.21320071635561,27,22,0.154083387840341,0.0454545454545455
"168",84,"<b>During your class,</b><br> <br> you turn to the next page in your notes.","ordinary","slow",0,0,44,0,"ordinary",1.22222222222222,1.04545454545455,0.800640769025436,0.21320071635561,27,22,0.154083387840341,0.0454545454545455
"169",85,"<b>During your class,</b><br> <br> you push over a large, towering tree.","impossible","fast",0.753246753246753,0.433948946665029,77,0.0494530721159994,"impossible",4.88888888888889,4.25,0.333333333333333,1.5,9,4,0.111111111111111,0.75
"170",85,"<b>During your class,</b><br> <br> you push over a large, towering tree.","impossible","slow",0.946428571428571,0.227207782928703,56,0.0303619171188469,"impossible",4.88888888888889,4.25,0.333333333333333,1.5,9,4,0.111111111111111,0.75
"171",86,"<b>During your class,</b><br> <br> you use your mind to charge your phone.","impossible","fast",0.689189189189189,0.465984762984349,74,0.0541696283875289,"impossible",3.25,4,1.48804761828569,1.4142135623731,8,4,0.526104280809151,0.707106781186548
"172",86,"<b>During your class,</b><br> <br> you use your mind to charge your phone.","impossible","slow",0.931034482758621,0.255608593705383,58,0.033563052647744,"impossible",3.25,4,1.48804761828569,1.4142135623731,8,4,0.526104280809151,0.707106781186548
"173",87,"<b>During your class,</b><br> <br> you build a small hut on a mountain.","impossible","fast",0.85,0.359324260314598,80,0.0401736736014135,"impossible",4.72727272727273,3.66666666666667,0.646669790682863,2.3094010767585,11,3,0.194978278086611,1.33333333333333
"174",87,"<b>During your class,</b><br> <br> you build a small hut on a mountain.","impossible","slow",0.936170212765957,0.247092248145165,47,0.0360421086748902,"impossible",4.72727272727273,3.66666666666667,0.646669790682863,2.3094010767585,11,3,0.194978278086611,1.33333333333333
"175",88,"<b>During your class,</b><br> <br> you hold your breath for an hour.","impossible","fast",0.568181818181818,0.498168012683496,88,0.0531048885847861,"impossible",4.72727272727273,3.875,0.646669790682863,1.35620268186054,11,8,0.194978278086611,0.479490056503484
"176",88,"<b>During your class,</b><br> <br> you hold your breath for an hour.","impossible","slow",0.9,0.3038218101251,40,0.0480384461415261,"impossible",4.72727272727273,3.875,0.646669790682863,1.35620268186054,11,8,0.194978278086611,0.479490056503484
"177",89,"<b>During your class,</b><br> <br> you give your toenails a trim.","abnormal","fast",0.476190476190476,0.502432408118228,84,0.0548198700428744,"abnormal",4.76923076923077,4.13636363636364,0.651625187216842,1.08212553384331,26,22,0.127794213275663,0.230709939002091
"178",89,"<b>During your class,</b><br> <br> you give your toenails a trim.","abnormal","slow",0.346153846153846,0.480384461415261,52,0.0666173387526491,"abnormal",4.76923076923077,4.13636363636364,0.651625187216842,1.08212553384331,26,22,0.127794213275663,0.230709939002091
"179",90,"<b>During your class,</b><br> <br> you scream out your favorite song.","abnormal","fast",0.325581395348837,0.471340028756967,86,0.0508259024226521,"abnormal",4.88888888888889,4.68181818181818,0.320256307610174,0.476731294622796,27,22,0.0616333551361366,0.101639453522718
"180",90,"<b>During your class,</b><br> <br> you scream out your favorite song.","abnormal","slow",0.297297297297297,0.463373191622816,37,0.0761780834472422,"abnormal",4.88888888888889,4.68181818181818,0.320256307610174,0.476731294622796,27,22,0.0616333551361366,0.101639453522718
"181",91,"<b>During your class,</b><br> <br> you play a board game with your friend.","abnormal","fast",0.220779220779221,0.417491778153415,77,0.0475776037055225,"abnormal",4.64285714285714,3.7,0.62148482382387,1.34164078649987,28,20,0.117449591959911,0.3
"182",91,"<b>During your class,</b><br> <br> you play a board game with your friend.","abnormal","slow",0.340425531914894,0.478975162498508,47,0.0698657080055475,"abnormal",4.64285714285714,3.7,0.62148482382387,1.34164078649987,28,20,0.117449591959911,0.3
"183",92,"<b>During your class,</b><br> <br> you sit facing the back of the classroom.","abnormal","fast",0.185185185185185,0.390867979985286,81,0.0434297755539206,"abnormal",4.5,3.86363636363636,0.793492047615872,1.03718733879544,28,22,0.149955901807073,0.221129083626158
"184",92,"<b>During your class,</b><br> <br> you sit facing the back of the classroom.","abnormal","slow",0.3,0.462124790542445,60,0.0596600539213493,"abnormal",4.5,3.86363636363636,0.793492047615872,1.03718733879544,28,22,0.149955901807073,0.221129083626158
"185",93,"<b>During your class,</b><br> <br> you skin a cat for personal enjoyment.","immoral","fast",0.822784810126582,0.384290677605527,79,0.0432360791812641,"immoral",4.90909090909091,5,0.29424494316825,0,22,21,0.0627332326674867,0
"186",93,"<b>During your class,</b><br> <br> you skin a cat for personal enjoyment.","immoral","slow",0.770833333333333,0.424744395393794,48,0.061306572754348,"immoral",4.90909090909091,5,0.29424494316825,0,22,21,0.0627332326674867,0
"187",94,"<b>During your class,</b><br> <br> you set fire to the professor's hair.","immoral","fast",0.674157303370786,0.471344327402445,89,0.0499623987799616,"immoral",4.81481481481481,5,0.681459803941116,0,27,22,0.131147000415771,0
"188",94,"<b>During your class,</b><br> <br> you set fire to the professor's hair.","immoral","slow",0.45,0.503831473655779,40,0.0796627506815691,"immoral",4.81481481481481,5,0.681459803941116,0,27,22,0.131147000415771,0
"189",95,"<b>During your class,</b><br> <br> you hold your entire class hostage.","immoral","fast",0.5625,0.499208233865883,80,0.0558131772925863,"immoral",4.77777777777778,5,0.697982440452113,0,27,22,0.134326783294886,0
"190",95,"<b>During your class,</b><br> <br> you hold your entire class hostage.","immoral","slow",0.361702127659574,0.485687854441406,47,0.0708448547587263,"immoral",4.77777777777778,5,0.697982440452113,0,27,22,0.134326783294886,0
"191",96,"<b>During your class,</b><br> <br> you throw a brick at your professor.","immoral","fast",0.55952380952381,0.499425946997861,84,0.0544918382414929,"immoral",4.88,5,0.6,0,25,22,0.12,0
"192",96,"<b>During your class,</b><br> <br> you throw a brick at your professor.","immoral","slow",0.441176470588235,0.503994737261378,34,0.0864343843595969,"immoral",4.88,5,0.6,0,25,22,0.12,0
"193",97,"<b>In the office,</b><br> <br> you put the final touches on your project.","ordinary","fast",0.0810810810810811,0.274822819971154,74,0.0319475038945644,"ordinary",1.14814814814815,1,0.601517549056852,0,27,22,0.115762106290086,0
"194",97,"<b>In the office,</b><br> <br> you put the final touches on your project.","ordinary","slow",0.0425531914893617,0.204029708888579,47,0.0297607917523504,"ordinary",1.14814814814815,1,0.601517549056852,0,27,22,0.115762106290086,0
"195",98,"<b>In the office,</b><br> <br> you take notes on an important report.","ordinary","fast",0.037037037037037,0.190029237516523,81,0.0211143597240581,"ordinary",1.40740740740741,1.63636363636364,1.08341551299083,1.176979772673,27,22,0.208503412689823,0.250932930669947
"196",98,"<b>In the office,</b><br> <br> you take notes on an important report.","ordinary","slow",0.0217391304347826,0.147441956154897,46,0.0217391304347826,"ordinary",1.40740740740741,1.63636363636364,1.08341551299083,1.176979772673,27,22,0.208503412689823,0.250932930669947
"197",99,"<b>In the office,</b><br> <br> you fill your water bottle up with water.","ordinary","fast",0.0930232558139535,0.292168644963595,86,0.0315053552295153,"ordinary",1.14814814814815,1.04545454545455,0.456045181947149,0.21320071635561,27,22,0.0877659361866061,0.0454545454545455
"198",99,"<b>In the office,</b><br> <br> you fill your water bottle up with water.","ordinary","slow",0.05,0.220721427863152,40,0.0348991220226056,"ordinary",1.14814814814815,1.04545454545455,0.456045181947149,0.21320071635561,27,22,0.0877659361866061,0.0454545454545455
"199",100,"<b>In the office,</b><br> <br> you are cold, so you put on a sweater.","ordinary","fast",0.184210526315789,0.390231600148407,76,0.0447626344637652,"ordinary",1.32142857142857,1.22727272727273,0.862965233777697,0.528413454806725,28,22,0.163085099905036,0.112658127096737
"200",100,"<b>In the office,</b><br> <br> you are cold, so you put on a sweater.","ordinary","slow",0.0425531914893617,0.204029708888579,47,0.0297607917523504,"ordinary",1.32142857142857,1.22727272727273,0.862965233777697,0.528413454806725,28,22,0.163085099905036,0.112658127096737
"201",101,"<b>In the office,</b><br> <br> you start an alpaca farm under a desk.","impossible","fast",0.92,0.273120110198049,75,0.0315371938287888,"impossible",4.72727272727273,4.75,0.904534033733291,0.462910049886276,11,8,0.272727272727273,0.163663417676994
"202",101,"<b>In the office,</b><br> <br> you start an alpaca farm under a desk.","impossible","slow",0.944444444444444,0.231212282322664,54,0.0314640063308252,"impossible",4.72727272727273,4.75,0.904534033733291,0.462910049886276,11,8,0.272727272727273,0.163663417676994
"203",102,"<b>In the office,</b><br> <br> you land a jet on the conference table.","impossible","fast",0.9125,0.28434913465623,80,0.0317911997217286,"impossible",4.36363636363636,5,1.02691063610494,0,11,5,0.309625206653207,0
"204",102,"<b>In the office,</b><br> <br> you land a jet on the conference table.","impossible","slow",0.96551724137931,0.185695338177052,29,0.0344827586206897,"impossible",4.36363636363636,5,1.02691063610494,0,11,5,0.309625206653207,0
"205",103,"<b>In the office,</b><br> <br> you walk across the office ceiling.","impossible","fast",0.558441558441558,0.499829089039614,77,0.0569608111182502,"impossible",4.125,4.125,1.24642345475822,1.1259916264596,8,8,0.440677238544752,0.398098157314428
"206",103,"<b>In the office,</b><br> <br> you walk across the office ceiling.","impossible","slow",0.872340425531915,0.337318149178239,47,0.0492029089619693,"impossible",4.125,4.125,1.24642345475822,1.1259916264596,8,8,0.440677238544752,0.398098157314428
"207",104,"<b>In the office,</b><br> <br> you hold a storm cloud in your hands.","impossible","fast",0.848101265822785,0.361216164946822,79,0.0406399936800569,"impossible",4.6,3.5,0.894427190999916,2.12132034355964,5,2,0.4,1.5
"208",104,"<b>In the office,</b><br> <br> you hold a storm cloud in your hands.","impossible","slow",0.980769230769231,0.138675049056307,52,0.0192307692307692,"impossible",4.6,3.5,0.894427190999916,2.12132034355964,5,2,0.4,1.5
"209",105,"<b>In the office,</b><br> <br> you work sitting at your boss's desk.","abnormal","fast",0.157894736842105,0.367065174192899,76,0.0421052631578947,"abnormal",4.25,3.63636363636364,0.927960727138337,0.902137912878521,28,22,0.17536809360305,0.192336449277256
"210",105,"<b>In the office,</b><br> <br> you work sitting at your boss's desk.","abnormal","slow",0.254545454545455,0.439620283046623,55,0.059278386873217,"abnormal",4.25,3.63636363636364,0.927960727138337,0.902137912878521,28,22,0.17536809360305,0.192336449277256
"211",106,"<b>In the office,</b><br> <br> you jump on the conference table.","abnormal","fast",0.243589743589744,0.432026256894979,78,0.0489173408829638,"abnormal",4.42857142857143,3.90909090909091,0.835710894037345,1.23091490979333,28,22,0.157934513826448,0.262431940540739
"212",106,"<b>In the office,</b><br> <br> you jump on the conference table.","abnormal","slow",0.323529411764706,0.474858079933817,34,0.081437488852138,"abnormal",4.42857142857143,3.90909090909091,0.835710894037345,1.23091490979333,28,22,0.157934513826448,0.262431940540739
"213",107,"<b>In the office,</b><br> <br> you eat a pizza on the office floor.","abnormal","fast",0.222222222222222,0.418330013267038,81,0.0464811125852264,"abnormal",3.84615384615385,2.86363636363636,1.15558842819778,1.67034226733424,26,22,0.226629536348557,0.356118167954715
"214",107,"<b>In the office,</b><br> <br> you eat a pizza on the office floor.","abnormal","slow",0.261904761904762,0.44500061986933,42,0.0686650863810451,"abnormal",3.84615384615385,2.86363636363636,1.15558842819778,1.67034226733424,26,22,0.226629536348557,0.356118167954715
"215",108,"<b>In the office,</b><br> <br> you turn on loud music and dance.","abnormal","fast",0.15,0.359324260314598,80,0.0401736736014135,"abnormal",3.67857142857143,3.31818181818182,1.33482059908665,1.46014883900054,28,22,0.252257382147823,0.311304778460729
"216",108,"<b>In the office,</b><br> <br> you turn on loud music and dance.","abnormal","slow",0.157894736842105,0.369537021476632,38,0.0599468207843684,"abnormal",3.67857142857143,3.31818181818182,1.33482059908665,1.46014883900054,28,22,0.252257382147823,0.311304778460729
"217",109,"<b>In the office,</b><br> <br> you build a bonfire in the break room.","immoral","fast",0.703703703703704,0.459468291736341,81,0.051052032415149,"immoral",4.84,4.9,0.553774924194538,0.447213595499958,25,20,0.110754984838908,0.1
"218",109,"<b>In the office,</b><br> <br> you build a bonfire in the break room.","immoral","slow",0.6,0.494871659305394,50,0.0699854212223765,"immoral",4.84,4.9,0.553774924194538,0.447213595499958,25,20,0.110754984838908,0.1
"219",110,"<b>In the office,</b><br> <br> you eat all the lunches in the fridge.","immoral","fast",0.230769230769231,0.424052095644132,78,0.0480144449178738,"immoral",4.61538461538461,4.59090909090909,0.8038369524685,0.959121170610586,26,22,0.157645396399378,0.204485320646008
"220",110,"<b>In the office,</b><br> <br> you eat all the lunches in the fridge.","immoral","slow",0.244897959183673,0.434483037878444,49,0.0620690054112063,"immoral",4.61538461538461,4.59090909090909,0.8038369524685,0.959121170610586,26,22,0.157645396399378,0.204485320646008
"221",111,"<b>In the office,</b><br> <br> you lie to your boss about your dad dying.","immoral","fast",0.347826086956522,0.479769765755401,69,0.0577574925352236,"immoral",4.56,4.86363636363636,0.869865890046659,0.351250086657104,25,22,0.173973178009332,0.0748867700952649
"222",111,"<b>In the office,</b><br> <br> you lie to your boss about your dad dying.","immoral","slow",0.342857142857143,0.478091443733757,70,0.0571428571428571,"immoral",4.56,4.86363636363636,0.869865890046659,0.351250086657104,25,22,0.173973178009332,0.0748867700952649
"223",112,"<b>In the office,</b><br> <br> you intentionally short-circuit all computers.","immoral","fast",0.549295774647887,0.501105417890322,71,0.05947027187738,"immoral",4.96,5,0.2,0,25,22,0.04,0
"224",112,"<b>In the office,</b><br> <br> you intentionally short-circuit all computers.","immoral","slow",0.36231884057971,0.484191700391537,69,0.0582898309086843,"immoral",4.96,5,0.2,0,25,22,0.04,0
"225",113,"<b>In the elevator,</b><br> <br>you check the time on your phone.","ordinary","fast",0.0641025641025641,0.246520913458799,78,0.0279129968745746,"ordinary",1.18518518518519,1.09090909090909,0.483340701387989,0.29424494316825,27,22,0.0930189613522194,0.0627332326674867
"226",113,"<b>In the elevator,</b><br> <br>you check the time on your phone.","ordinary","slow",0,0,26,0,"ordinary",1.18518518518519,1.09090909090909,0.483340701387989,0.29424494316825,27,22,0.0930189613522194,0.0627332326674867
"227",114,"<b>In the elevator,</b><br> <br>you push one of the floor buttons.","ordinary","fast",0.0533333333333333,0.226210457696304,75,0.0261205337288939,"ordinary",1.40740740740741,1.31818181818182,1.04731375282964,0.893700900022652,27,22,0.201555625707396,0.190537672092483
"228",114,"<b>In the elevator,</b><br> <br>you push one of the floor buttons.","ordinary","slow",0.0645161290322581,0.249731038114707,31,0.0448530185260521,"ordinary",1.40740740740741,1.31818181818182,1.04731375282964,0.893700900022652,27,22,0.201555625707396,0.190537672092483
"229",115,"<b>In the elevator,</b><br> <br>you comment on the weather today.","ordinary","fast",0.1625,0.371236387893486,80,0.0415054899525657,"ordinary",1.74074074074074,1.13636363636364,0.984205755246823,0.351250086657104,27,22,0.189410485909911,0.0748867700952649
"230",115,"<b>In the elevator,</b><br> <br>you comment on the weather today.","ordinary","slow",0.032258064516129,0.179605302026775,31,0.032258064516129,"ordinary",1.74074074074074,1.13636363636364,0.984205755246823,0.351250086657104,27,22,0.189410485909911,0.0748867700952649
"231",116,"<b>In the elevator,</b><br> <br>you cross and uncross your arms.","ordinary","fast",0.155844155844156,0.365085969145231,77,0.0416054075011161,"ordinary",1.74074074074074,1.31818181818182,0.984205755246823,0.56790036318955,27,22,0.189410485909911,0.121076764250623
"232",116,"<b>In the elevator,</b><br> <br>you cross and uncross your arms.","ordinary","slow",0.0833333333333333,0.280305955290694,36,0.0467176592151157,"ordinary",1.74074074074074,1.31818181818182,0.984205755246823,0.56790036318955,27,22,0.189410485909911,0.121076764250623
"233",117,"<b>In the elevator,</b><br> <br>you give birth to a baby elephant.","impossible","fast",0.975,0.157109975188711,80,0.0175654292232632,"impossible",4.5,5,1.4142135623731,0,8,2,0.5,0
"234",117,"<b>In the elevator,</b><br> <br>you give birth to a baby elephant.","impossible","slow",1,0,21,0,"impossible",4.5,5,1.4142135623731,0,8,2,0.5,0
"235",118,"<b>In the elevator,</b><br> <br>you run part of a half marathon.","impossible","fast",0.901408450704225,0.300234650016321,71,0.035631297579362,"impossible",4.44444444444444,4.4,1.0137937550497,0.894427190999916,9,5,0.337931251683234,0.4
"236",118,"<b>In the elevator,</b><br> <br>you run part of a half marathon.","impossible","slow",0.973684210526316,0.162221421130763,38,0.0263157894736842,"impossible",4.44444444444444,4.4,1.0137937550497,0.894427190999916,9,5,0.337931251683234,0.4
"237",119,"<b>In the elevator,</b><br> <br>you climb up Mount Everest.","impossible","fast",0.933333333333333,0.251123601166961,75,0.0289972557467227,"impossible",4,3.66666666666667,1.54919333848297,2.3094010767585,6,3,0.632455532033676,1.33333333333333
"238",119,"<b>In the elevator,</b><br> <br>you climb up Mount Everest.","impossible","slow",1,0,13,0,"impossible",4,3.66666666666667,1.54919333848297,2.3094010767585,6,3,0.632455532033676,1.33333333333333
"239",120,"<b>In the elevator,</b><br> <br>you take a picture of the planet Mars.","impossible","fast",0.810810810810811,0.394332301133374,74,0.0458401988871714,"impossible",4,2.5,1.54919333848297,1.73205080756888,6,4,0.632455532033676,0.866025403784439
"240",120,"<b>In the elevator,</b><br> <br>you take a picture of the planet Mars.","impossible","slow",0.928571428571429,0.260661180215007,42,0.0402208933122481,"impossible",4,2.5,1.54919333848297,1.73205080756888,6,4,0.632455532033676,0.866025403784439
"241",121,"<b>In the elevator,</b><br> <br>you hold the hand of a stranger.","abnormal","fast",0.25,0.435744670330595,80,0.0487177351846223,"abnormal",4.57142857142857,3.72727272727273,0.835710894037345,1.03195691040618,28,22,0.157934513826448,0.22001395254672
"242",121,"<b>In the elevator,</b><br> <br>you hold the hand of a stranger.","abnormal","slow",0.239130434782609,0.431265971488884,46,0.0635866984593632,"abnormal",4.57142857142857,3.72727272727273,0.835710894037345,1.03195691040618,28,22,0.157934513826448,0.22001395254672
"243",122,"<b>In the elevator,</b><br> <br>you serenade the other passengers.","abnormal","fast",0.27027027027027,0.447130801165175,74,0.0519778998450837,"abnormal",4.18518518518519,3.04545454545455,0.921413505980268,1.04550159879055,27,22,0.177326111904221,0.222901689813081
"244",122,"<b>In the elevator,</b><br> <br>you serenade the other passengers.","abnormal","slow",0.210526315789474,0.413154950112274,38,0.0670225831544225,"abnormal",4.18518518518519,3.04545454545455,0.921413505980268,1.04550159879055,27,22,0.177326111904221,0.222901689813081
"245",123,"<b>In the elevator,</b><br> <br>you press all of the floor buttons.","abnormal","fast",0.121621621621622,0.329079359321701,74,0.0382546984804765,"abnormal",4.57142857142857,4.09090909090909,0.87891226666077,1.30599682450904,28,22,0.166098805844892,0.278439458543481
"246",123,"<b>In the elevator,</b><br> <br>you press all of the floor buttons.","abnormal","slow",0.166666666666667,0.377964473009227,36,0.0629940788348712,"abnormal",4.57142857142857,4.09090909090909,0.87891226666077,1.30599682450904,28,22,0.166098805844892,0.278439458543481
"247",124,"<b>In the elevator,</b><br> <br>you press your nose to the back wall.","abnormal","fast",0.209677419354839,0.41040151368212,62,0.0521210443586997,"abnormal",4.33333333333333,2.90909090909091,0.733799385705343,1.23091490979333,27,22,0.141219757622721,0.262431940540739
"248",124,"<b>In the elevator,</b><br> <br>you press your nose to the back wall.","abnormal","slow",0.149253731343284,0.359027784156703,67,0.0438622248988999,"abnormal",4.33333333333333,2.90909090909091,0.733799385705343,1.23091490979333,27,22,0.141219757622721,0.262431940540739
"249",125,"<b>In the elevator,</b><br> <br>you empty out someone's purse.","immoral","fast",0.397260273972603,0.492717127191355,73,0.0576681778096579,"immoral",4.85185185185185,4.81818181818182,0.601517549056852,0.501081082343218,27,22,0.115762106290086,0.106830845707819
"250",125,"<b>In the elevator,</b><br> <br>you empty out someone's purse.","immoral","slow",0.26530612244898,0.446071285599886,49,0.0637244693714122,"immoral",4.85185185185185,4.81818181818182,0.601517549056852,0.501081082343218,27,22,0.115762106290086,0.106830845707819
"251",126,"<b>In the elevator,</b><br> <br>you shatter the overhead light.","immoral","fast",0.432098765432099,0.498454401247954,81,0.0553838223608838,"immoral",4.85185185185185,4.85714285714286,0.601517549056852,0.358568582800318,27,21,0.115762106290086,0.0782460796435952
"252",126,"<b>In the elevator,</b><br> <br>you shatter the overhead light.","immoral","slow",0.173913043478261,0.383223046516833,46,0.0565031556220809,"immoral",4.85185185185185,4.85714285714286,0.601517549056852,0.358568582800318,27,21,0.115762106290086,0.0782460796435952
"253",127,"<b>In the elevator,</b><br> <br>you hold the other passengers hostage.","immoral","fast",0.4,0.493435163795169,70,0.0589767824619589,"immoral",4.84615384615385,5,0.612686392361227,0,26,22,0.120157687321641,0
"254",127,"<b>In the elevator,</b><br> <br>you hold the other passengers hostage.","immoral","slow",0.327272727272727,0.473542420742244,55,0.0638524469869863,"immoral",4.84615384615385,5,0.612686392361227,0,26,22,0.120157687321641,0
"255",128,"<b>In the elevator,</b><br> <br>you trip an old man as he exits.","immoral","fast",0.569230769230769,0.49903753519997,65,0.0618979882285811,"immoral",4.85185185185185,4.95454545454545,0.601517549056852,0.21320071635561,27,22,0.115762106290086,0.0454545454545455
"256",128,"<b>In the elevator,</b><br> <br>you trip an old man as he exits.","immoral","slow",0.267605633802817,0.445861813277652,71,0.052914062208697,"immoral",4.85185185185185,4.95454545454545,0.601517549056852,0.21320071635561,27,22,0.115762106290086,0.0454545454545455
